repo,artifact,version
oneapp-android,com.tomtom.sdk.maps:map-display-duo-internal,2.8.0-rc01
oneapp-android,com.tomtom.sdk.maps:map-display-compose-common,2.8.0-rc01
oneapp-android,com.tomtom.sdk.maps:map-display-common,2.8.0-rc01
oneapp-android,com.tomtom.sdk.maps:map-display-standard,2.8.0-rc01
oneapp-android,com.tomtom.sdk.maps.visualization:visualization-compose,2.8.0-rc01
oneapp-android,com.tomtom.sdk.maps.visualization:routing,2.8.0-rc01
oneapp-android,com.tomtom.sdk.maps.visualization:visualization,2.8.0-rc01
oneapp-android,com.tomtom.sdk.maps.visualization:routing-compose,2.8.0-rc01
oneapp-android,com.tomtom.sdk.maps.visualization:navigation-compose,2.8.0-rc01
oneapp-android,com.tomtom.sdk.maps:map-tile-store-navigation,2.8.0-rc01
oneapp-android,com.tomtom.sdk.maps:map-tile-store,2.8.0-rc01
navapp-automotive,com.tomtom.sdk.maps:map-display-standard,2.8.0-rc01
navapp-automotive,com.tomtom.sdk.maps:map-display-compose-common,2.8.0-rc01
navapp-automotive,com.tomtom.sdk.maps:map-display-common,2.8.0-rc01
navapp-automotive,com.tomtom.sdk.maps:map-display-premium,2.8.0-rc01
navapp-automotive,com.tomtom.sdk.maps:map-display-duo-internal,2.8.0-rc01
navapp-automotive,com.tomtom.sdk.maps.visualization:navigation,2.8.0-rc01
navapp-automotive,com.tomtom.sdk.maps.visualization:poi,2.8.0-rc01
navapp-automotive,com.tomtom.sdk.maps.visualization:navigation-compose,2.8.0-rc01
navapp-automotive,com.tomtom.sdk.maps.visualization:range,2.8.0-rc01
navapp-automotive,com.tomtom.sdk.maps.visualization:visualization-compose,2.8.0-rc01
navapp-automotive,com.tomtom.sdk.maps:map-tile-store-common,2.8.0-rc01
navapp-automotive,com.tomtom.sdk.maps:map-display-style-provider-offline,2.8.0-rc01
navapp-automotive,com.tomtom.sdk.maps:map-tile-store-navigation,2.8.0-rc01
navapp-automotive,com.tomtom.sdk.maps:map-tile-store,2.8.0-rc01
r2-navapp,com.tomtom.sdk.maps:map-display-duo-internal,2.8.0-rc01
